iter	Logloss
0	0.6931278475
1	0.6931116658
2	0.6930959148
3	0.6930802868
4	0.6930640436
5	0.6930502615
6	0.6930302035
7	0.6930153139
8	0.6929969788
9	0.6929801818
