iter	Logloss
0	0.6931217603
1	0.6930985908
2	0.6930820628
3	0.6930578129
4	0.6930251305
5	0.6929995952
6	0.6929826561
7	0.6929597433
8	0.6929372417
9	0.6929131464
