iter	Logloss
0	0.6931213871
1	0.6931041594
2	0.6930763491
3	0.6930521073
4	0.6930324185
5	0.6930065155
6	0.6929894724
7	0.6929769208
8	0.6929483106
9	0.6929242534
